"Tarih,Saat,Enlem(N),Boylam(E),Derinlik(km),MD,ML,Mw,Yer"
"2023.12.22,14:44:42,40.4348,28.8113,11.9,-.-,1.5,-.-,GEMLIK,KORFEZI(MARMARA,DENIZI)"
"2023.12.22,14:27:53,37.0230,29.0085,28.2,-.-,2.0,-.-,KARACAM-KOYCEGIZ(MUGLA)"
"2023.12.22,14:25:09,43.0990,31.8225,15.5,-.-,3.4,3.0,KARADENIZ,Ýlksel"
"2023.12.22,14:01:08,38.0967,36.7255,5.4,-.-,1.8,-.-,FINDIK-GOKSUN(KAHRAMANMARAS)"
"2023.12.22,13:36:06,39.4117,40.3508,12.0,-.-,1.8,-.-,GELINPERTEK-YEDISU(BINGOL)"
"2023.12.22,13:15:38,37.7612,35.5638,5.0,-.-,2.4,-.-,KAPIKAYA-KOZAN(ADANA)"
"2023.12.22,13:06:15,40.4060,28.8772,5.0,-.-,1.1,-.-,GEMLIK,KORFEZI(MARMARA,DENIZI)"
"2023.12.22,13:04:31,39.4053,40.3572,9.5,-.-,2.1,-.-,GELINPERTEK-YEDISU(BINGOL)"
"2023.12.22,12:57:47,38.7692,30.5172,13.2,-.-,1.4,-.-,AFYONKARAHISAR(AFYONKARAHISAR)"
"2023.12.22,12:57:28,39.6858,27.8478,3.6,-.-,0.8,-.-,KABAKDERE-(BALIKESIR)"
"2023.12.22,12:50:16,41.0003,33.4132,5.0,-.-,3.7,3.8,CATAK-ILGAZ(CANKIRI)"
"2023.12.22,12:12:05,36.2807,33.6675,0.0,-.-,1.2,-.-,DEDELER-GULNAR(MERSIN)"
"2023.12.22,12:10:24,37.5625,35.2710,8.0,-.-,1.5,-.-,KOKEZ-ALADAG(ADANA)"
"2023.12.22,11:59:35,36.8588,29.2415,5.4,-.-,2.1,-.-,SOGUTLU-FETHIYE(MUGLA)"
"2023.12.22,11:17:15,40.5622,27.6625,8.2,-.-,2.7,-.-,TOPAGAC-MARMARA(BALIKESIR)"
"2023.12.22,11:03:35,38.2137,37.5323,4.7,-.-,1.8,-.-,KANGAL-ELBISTAN(KAHRAMANMARAS)"
"2023.12.22,11:03:18,36.6003,36.4302,3.8,-.-,1.4,-.-,KARAMANKASI-KIRIKHAN(HATAY)"
"2023.12.22,10:52:45,37.9228,36.6767,5.7,-.-,2.2,-.-,TEKIR-(KAHRAMANMARAS)"
"2023.12.22,10:52:03,38.4067,27.3200,5.1,-.-,1.2,-.-,KAVAKLIDERE-BORNOVA(IZMIR)"
"2023.12.22,10:50:11,39.3233,28.3228,8.7,-.-,2.2,-.-,UMURLAR-SINDIRGI(BALIKESIR)"
"2023.12.22,10:48:47,38.1173,37.7945,5.3,-.-,1.2,-.-,FINDIKKOY-DOGANSEHIR(MALATYA)"
"2023.12.22,09:49:20,35.7220,29.7387,1.9,-.-,2.4,-.-,AKDENIZ,Ýlksel"
"2023.12.22,08:48:26,38.0733,37.1905,7.1,-.-,2.2,-.-,EKINOZU(KAHRAMANMARAS)"
"2023.12.22,08:44:17,40.4218,28.9408,5.4,-.-,1.8,-.-,GEMLIK,KORFEZI(MARMARA,DENIZI)"
"2023.12.22,08:29:25,40.4225,28.9070,7.6,-.-,1.8,-.-,GEMLIK,KORFEZI(MARMARA,DENIZI)"
"2023.12.22,08:12:47,36.4103,27.5022,79.6,-.-,3.2,3.2,ONIKI,ADALAR(AKDENIZ)"
"2023.12.22,07:58:58,39.3990,25.5583,2.6,-.-,2.6,-.-,EGE,DENIZI,Ýlksel"
"2023.12.22,07:24:29,37.9542,37.5928,7.2,-.-,1.4,-.-,KAPIDERE-DOGANSEHIR(MALATYA)"
"2023.12.22,06:18:29,35.1300,24.7808,19.7,-.-,2.0,-.-,GIRIT,ADASI,ACIKLARI(AKDENIZ)"
"2023.12.22,06:12:14,38.2620,37.6975,18.1,-.-,1.4,-.-,HARUNUSAGI-AKCADAG(MALATYA)"
"2023.12.22,05:56:17,40.4168,28.8373,11.7,-.-,1.6,-.-,KUMYAKA-MUDANYA(BURSA)"
"2023.12.22,05:45:42,38.5995,43.0222,2.8,-.-,1.7,-.-,VAN,GOLU,Ýlksel"
"2023.12.22,05:23:30,40.4310,28.8440,8.3,-.-,1.9,-.-,GEMLIK,KORFEZI(MARMARA,DENIZI)"
"2023.12.22,05:22:46,38.8430,37.6422,12.9,-.-,1.1,-.-,CAYKOY-KULUNCAK(MALATYA)"
"2023.12.22,05:13:24,40.4223,28.8410,8.5,-.-,1.5,-.-,GEMLIK,KORFEZI(MARMARA,DENIZI)"
"2023.12.22,05:10:48,40.7113,27.5130,15.2,-.-,2.1,-.-,GUZELKOY,ACIKLARI-TEKIRDAG(MARMARA,DENIZI)"
"2023.12.22,04:50:50,36.5410,28.5742,20.3,-.-,2.5,-.-,AKDENIZ,Ýlksel"
"2023.12.22,04:42:02,38.1373,38.4795,5.0,-.-,1.7,-.-,AKSU-SINCIK(ADIYAMAN)"
"2023.12.22,04:35:29,36.2333,28.9472,11.7,-.-,2.3,-.-,AKDENIZ,Ýlksel"
"2023.12.22,04:24:25,36.4932,28.5957,20.1,-.-,2.3,-.-,AKDENIZ,Ýlksel"
"2023.12.22,04:12:45,35.2132,27.5930,14.2,-.-,3.3,-.-,AKDENIZ,Ýlksel"
"2023.12.22,03:53:42,39.0348,27.4892,11.3,-.-,1.4,-.-,ELMADERE-KINIK(IZMIR)"
"2023.12.22,03:41:40,36.2097,28.2077,5.5,-.-,1.8,-.-,AKDENIZ,Ýlksel"
"2023.12.22,03:28:39,38.0838,37.7645,5.0,-.-,2.1,-.-,SOGUT-DOGANSEHIR(MALATYA)"
"2023.12.22,03:23:15,38.4940,31.8250,2.3,-.-,1.6,-.-,GOLYAKA-ILGIN(KONYA)"
"2023.12.22,03:06:12,36.6253,36.3317,2.3,-.-,2.1,-.-,KALEDIBI-ISKENDERUN(HATAY)"
"2023.12.22,01:48:32,39.6637,27.8712,7.7,-.-,1.5,-.-,BALIKESIR(BALIKESIR)"
"2023.12.22,01:46:18,36.6207,36.3410,8.6,-.-,1.9,-.-,ALIBEYCAGILI-KIRIKHAN(HATAY)"
"2023.12.22,01:18:20,38.3248,27.2087,3.6,-.-,1.7,-.-,ZAFER-BUCA(IZMIR)"
"2023.12.22,01:03:40,36.3402,36.1320,5.2,-.-,3.2,3.2,UCGEDIK-(HATAY)"
"2023.12.22,00:49:01,37.0768,28.2857,13.0,-.-,1.2,-.-,KUYUCAK-(MUGLA)"
"2023.12.22,00:12:09,36.1022,28.1378,5.0,-.-,1.8,-.-,AKDENIZ,Ýlksel"
"2023.12.22,00:00:59,38.3012,37.8152,4.1,-.-,1.8,-.-,ORTAKOY-AKCADAG(MALATYA)"
"2023.12.21,23:47:05,37.7355,35.5933,7.4,-.-,1.6,-.-,KAPIKAYA-KOZAN(ADANA)"
"2023.12.21,22:51:20,38.1582,36.9027,7.6,-.-,2.6,-.-,ESENCE-AFSIN(KAHRAMANMARAS)"
"2023.12.21,22:48:41,35.7938,29.5860,9.3,-.-,3.0,-.-,AKDENIZ,Ýlksel"
"2023.12.21,22:15:05,37.0640,28.8963,8.6,-.-,2.7,-.-,OTMANLAR-KOYCEGIZ(MUGLA)"
"2023.12.21,21:24:32,36.3215,36.1672,5.4,-.-,4.1,-.-,UCGEDIK-(HATAY)"
"2023.12.21,20:56:48,38.1523,36.9650,5.0,-.-,2.3,-.-,NADIRKOY-AFSIN(KAHRAMANMARAS)"
"2023.12.21,20:29:55,40.5755,27.6663,5.0,-.-,3.1,-.-,TOPAGAC-MARMARA(BALIKESIR)"
"2023.12.21,18:18:15,37.3017,37.0100,5.2,-.-,1.7,-.-,CENNETPINARI-PAZARCIK(KAHRAMANMARAS)"
"2023.12.21,17:34:35,38.0547,36.5265,5.6,-.-,1.9,-.-,ORTATEPE-GOKSUN(KAHRAMANMARAS)"
"2023.12.21,17:29:11,38.1697,26.1608,1.0,-.-,2.0,-.-,SAKIZ,ADASI(EGE,DENIZI)"
"2023.12.21,17:10:27,39.2982,27.7895,5.0,-.-,1.7,-.-,CERKEZ,SULTANIYE-SOMA(MANISA)"
"2023.12.21,17:03:07,40.7100,27.5398,7.1,-.-,3.3,-.-,MARMARA,DENIZI,Ýlksel"
"2023.12.21,16:47:22,38.1582,26.0817,7.0,-.-,1.6,-.-,SAKIZ,ADASI(EGE,DENIZI)"
"2023.12.21,15:51:15,38.3362,37.4878,4.5,-.-,2.0,-.-,YOGUNSOGUT-ELBISTAN(KAHRAMANMARAS)"
"2023.12.21,15:10:04,37.1342,28.9213,1.3,-.-,1.6,-.-,OTMANLAR-KOYCEGIZ(MUGLA)"
"2023.12.21,15:08:53,37.1418,28.9030,6.7,-.-,2.1,-.-,ESENLER-BEYAGAC(DENIZLI)"
"2023.12.21,14:56:24,37.1438,28.9143,7.8,-.-,2.2,-.-,ESENLER-BEYAGAC(DENIZLI)"
"2023.12.21,14:43:14,38.4943,40.2583,9.9,-.-,1.8,-.-,UCOCAK-ARICAK(ELAZIG)"
"2023.12.21,14:42:32,39.4787,25.9667,6.3,-.-,3.0,-.-,GULPINAR,ACIKLARI-CANAKKALE(EGE,DENIZI)"
"2023.12.21,14:38:18,40.4337,33.8537,8.3,-.-,1.9,-.-,BOZKIR-(CANKIRI)"
"2023.12.21,14:33:53,39.0093,31.0428,14.2,-.-,1.3,-.-,YUREGIL-EMIRDAG(AFYONKARAHISAR)"
"2023.12.21,14:31:22,39.0532,40.4715,12.1,-.-,1.7,-.-,OGULDERE-(BINGOL)"
"2023.12.21,14:05:25,35.7355,30.6538,14.7,-.-,2.3,-.-,AKDENIZ,Ýlksel"
"2023.12.21,13:49:45,38.6462,42.9880,5.3,-.-,1.6,-.-,VAN,GOLU,Ýlksel"
"2023.12.21,13:39:03,40.3160,33.8068,6.8,-.-,1.4,-.-,BOSTANLI-KIZILIRMAK(CANKIRI)"
"2023.12.21,13:13:55,37.5743,35.8280,9.4,-.-,1.3,-.-,DUZAGAC-KOZAN(ADANA)"
"2023.12.21,13:04:04,39.7255,30.6890,0.0,-.-,1.7,-.-,KANLIPINAR-ODUNPAZARI(ESKISEHIR)"
"2023.12.21,12:40:18,36.1302,33.5430,0.0,-.-,1.5,-.-,YANISLI-GULNAR(MERSIN)"
"2023.12.21,12:38:17,37.5230,36.6280,5.3,-.-,1.5,-.-,YOLYANI-(KAHRAMANMARAS)"
"2023.12.21,12:09:19,39.6708,27.8627,6.4,-.-,1.6,-.-,BALIKESIR(BALIKESIR)"
"2023.12.21,11:24:07,36.5235,33.5767,17.6,-.-,1.9,-.-,HISARKOY-MUT(MERSIN)"
"2023.12.21,11:20:24,38.6480,34.7500,5.0,-.-,1.5,-.-,NAR-(NEVSEHIR)"
"2023.12.21,10:24:57,35.6672,31.9543,8.9,-.-,2.2,-.-,AKDENIZ,Ýlksel"
"2023.12.21,10:24:41,38.2203,37.7537,12.0,-.-,1.5,-.-,CAVUSLU-DOGANSEHIR(MALATYA)"
"2023.12.21,09:23:39,37.9698,37.6172,8.2,-.-,2.0,-.-,KAPIDERE-DOGANSEHIR(MALATYA)"
"2023.12.21,09:23:11,38.1457,32.1237,0.0,-.-,1.0,-.-,CESMECIK-KADINHANI(KONYA)"
"2023.12.21,09:09:57,38.1018,32.5945,0.0,-.-,1.6,-.-,SARICALAR-SELCUKLU(KONYA)"
"2023.12.21,08:58:38,38.0370,36.6657,5.3,-.-,1.6,-.-,AHMETCIK-GOKSUN(KAHRAMANMARAS)"
"2023.12.21,08:54:53,40.7057,30.5662,2.7,-.-,1.1,-.-,BUGDAYLI-AKYAZI(SAKARYA)"
"2023.12.21,08:53:06,38.6677,25.3703,10.4,-.-,2.6,-.-,EGE,DENIZI,Ýlksel"
"2023.12.21,08:38:31,39.9480,39.3100,25.6,-.-,1.8,-.-,YESILYURT-KELKIT(GUMUSHANE)"
"2023.12.21,08:21:21,38.2982,38.1838,10.4,-.-,1.4,-.-,IKIZCE-YESILYURT(MALATYA)"
"2023.12.21,08:13:54,38.2437,39.5468,12.4,-.-,1.8,-.-,CAYIRDERE-ERGANI(DIYARBAKIR)"
"2023.12.21,08:10:44,37.0937,28.9260,1.7,-.-,2.0,-.-,OTMANLAR-KOYCEGIZ(MUGLA)"
"2023.12.21,08:02:41,40.4367,28.8875,5.2,-.-,1.7,-.-,GEMLIK,KORFEZI(MARMARA,DENIZI)"
"2023.12.21,07:26:49,38.1738,36.9095,5.5,-.-,1.8,-.-,HUYUKLU-AFSIN(KAHRAMANMARAS)"
"2023.12.21,07:17:38,35.4610,26.8833,5.0,-.-,2.3,-.-,GIRIT,ADASI(AKDENIZ)"
"2023.12.21,06:38:43,37.0193,28.4960,17.4,-.-,1.3,-.-,SARAYYANI-ULA(MUGLA)"
"2023.12.21,06:22:20,36.5860,30.1328,44.2,-.-,2.2,-.-,KARACAOREN-KUMLUCA(ANTALYA)"
"2023.12.21,06:17:28,38.0498,37.3083,7.1,-.-,1.5,-.-,AGCASAR-NURHAK(KAHRAMANMARAS)"
"2023.12.21,06:09:32,37.8290,27.0283,3.7,-.-,2.0,-.-,KUSADASI,KORFEZI(EGE,DENIZI)"
"2023.12.21,05:00:47,40.0198,25.7895,10.1,-.-,1.9,-.-,SIRINKOY-GOKCEADA(CANAKKALE)"
"2023.12.21,04:48:34,38.4472,37.4815,5.0,-.-,1.4,-.-,YAVUZLAR-DARENDE(MALATYA)"
"2023.12.21,04:47:35,37.2585,37.0708,7.3,-.-,1.5,-.-,EVRI-PAZARCIK(KAHRAMANMARAS)"
"2023.12.21,04:28:03,40.7325,28.0742,13.5,-.-,2.3,-.-,MARMARA,DENIZI,Ýlksel"
"2023.12.21,04:09:33,40.0153,25.7840,6.3,-.-,2.1,-.-,SIRINKOY-GOKCEADA(CANAKKALE)"
"2023.12.21,04:07:09,40.4108,28.8332,11.7,-.-,2.0,-.-,KUMYAKA-MUDANYA(BURSA)"
"2023.12.21,03:41:03,38.2735,38.1473,10.9,-.-,1.6,-.-,SEYITUSAGI-YESILYURT(MALATYA)"
"2023.12.21,03:33:04,37.7598,36.0348,7.7,-.-,1.5,-.-,AKOLUK-FEKE(ADANA)"
"2023.12.21,03:27:58,38.1393,31.0080,3.2,-.-,1.3,-.-,GELENDOST(ISPARTA)"
"2023.12.21,03:11:45,37.5348,26.8375,5.5,-.-,1.9,-.-,EGE,DENIZI,Ýlksel"
"2023.12.21,03:09:16,38.4062,37.5085,5.0,-.-,2.0,-.-,SUGUL-DARENDE(MALATYA)"
"2023.12.21,03:05:08,38.2763,37.6918,3.9,-.-,1.1,-.-,HARUNUSAGI-AKCADAG(MALATYA)"
"2023.12.21,02:53:52,40.4157,28.8700,13.0,-.-,1.4,-.-,GEMLIK,KORFEZI(MARMARA,DENIZI)"
"2023.12.21,02:50:47,38.0120,36.5163,8.4,-.-,1.1,-.-,GOKSUN(KAHRAMANMARAS)"
"2023.12.21,02:47:16,40.7287,27.4552,19.7,-.-,2.4,-.-,GUZELKOY,ACIKLARI-TEKIRDAG(MARMARA,DENIZI)"
"2023.12.21,02:44:18,40.0967,28.1243,4.1,-.-,1.1,-.-,ILICABOGAZI-SUSURLUK(BALIKESIR)"
"2023.12.21,02:10:29,37.8857,36.5887,7.5,-.-,1.3,-.-,TEKIR-(KAHRAMANMARAS)"
"2023.12.21,01:41:21,34.7990,24.1430,15.3,-.-,2.1,-.-,GIRIT,ADASI,ACIKLARI(AKDENIZ)"
"2023.12.21,01:31:09,37.8822,36.3180,14.8,-.-,1.2,-.-,PAYAMBURNU-GOKSUN(KAHRAMANMARAS)"
"2023.12.21,00:30:36,37.2027,35.9947,22.5,-.-,1.2,-.-,IRMAKLI-CEYHAN(ADANA)"
"2023.12.21,00:24:18,39.4223,40.3890,6.9,-.-,1.9,-.-,GELINPERTEK-YEDISU(BINGOL)"
"2023.12.21,00:20:32,34.8830,25.8000,5.0,-.-,3.5,3.4,GIRIT,ADASI,ACIKLARI(AKDENIZ)"
"2023.12.21,00:03:41,38.3155,37.3825,8.0,-.-,1.3,-.-,AKSAKAL-ELBISTAN(KAHRAMANMARAS)"
"2023.12.20,23:48:05,36.6170,36.3673,8.6,-.-,1.7,-.-,ALIBEYCAGILI-KIRIKHAN(HATAY)"
"2023.12.20,23:30:37,37.7183,34.7270,5.0,-.-,2.0,-.-,KURKCU-BOR(NIGDE)"
"2023.12.20,23:22:03,38.7520,37.3963,21.2,-.-,1.5,-.-,AGACLI-GURUN(SIVAS)"
"2023.12.20,22:43:35,38.1085,37.7693,3.3,-.-,1.1,-.-,FINDIKKOY-DOGANSEHIR(MALATYA)"
"2023.12.20,22:23:51,36.5027,27.1890,5.4,-.-,2.6,-.-,ONIKI,ADALAR(AKDENIZ)"
"2023.12.20,21:21:48,38.1368,36.6393,7.6,-.-,1.9,-.-,YENIYAPAN-GOKSUN(KAHRAMANMARAS)"
"2023.12.20,21:05:28,38.7090,39.9312,5.2,-.-,2.1,-.-,PALU(ELAZIG)"
"2023.12.20,20:43:42,38.3175,38.8553,11.3,-.-,1.4,-.-,CIGIRLI-PUTURGE(MALATYA)"
"2023.12.20,19:36:02,38.0630,36.5542,14.2,-.-,1.0,-.-,ORTATEPE-GOKSUN(KAHRAMANMARAS)"
"2023.12.20,19:27:25,34.8788,25.2163,11.8,-.-,2.1,-.-,GIRIT,ADASI(AKDENIZ)"
"2023.12.20,19:22:51,38.2007,27.2907,7.3,-.-,2.2,-.-,KAPLANCIK-TORBALI(IZMIR)"
"2023.12.20,19:13:25,38.3862,37.5875,5.0,-.-,2.4,-.-,YUKARIULUPINAR-DARENDE(MALATYA)"
"2023.12.20,18:22:45,38.6420,36.4163,8.1,-.-,1.1,-.-,EGRISOGUT-PINARBASI(KAYSERI)"
"2023.12.20,18:02:53,36.6082,31.9455,1.1,-.-,1.7,-.-,YENIKOY-ALANYA(ANTALYA)"
"2023.12.20,18:00:47,34.8185,24.2537,26.1,-.-,2.1,-.-,GIRIT,ADASI,ACIKLARI(AKDENIZ)"
"2023.12.20,17:24:25,38.1808,38.6138,1.3,-.-,1.5,-.-,SOGUTLU-PUTURGE(MALATYA)"
"2023.12.20,17:14:00,37.8610,35.3958,16.3,-.-,1.5,-.-,ULUPINAR-YAHYALI(KAYSERI)"
"2023.12.20,17:08:12,37.6028,32.1078,9.1,-.-,1.3,-.-,MESUDIYE-SEYDISEHIR(KONYA)"
"2023.12.20,16:09:45,37.8643,28.0295,3.2,-.-,1.3,-.-,KUYUCULAR-(AYDIN)"
"2023.12.20,16:06:55,38.2425,30.9628,12.6,-.-,1.7,-.-,YUKARITIRTAR-YALVAC(ISPARTA)"
"2023.12.20,15:44:23,38.4823,27.1390,9.2,-.-,2.1,-.-,BAYRAKLI(IZMIR)"
"2023.12.20,15:37:15,36.8475,35.3175,14.5,-.-,2.0,-.-,YUZBASI-KARATAS(ADANA)"
"2023.12.20,15:31:42,37.7863,36.4237,7.9,-.-,1.9,-.-,GEBEN-ANDIRIN(KAHRAMANMARAS)"
"2023.12.20,15:26:09,38.0447,37.6437,5.0,-.-,1.7,-.-,BEGRE-DOGANSEHIR(MALATYA)"
"2023.12.20,14:31:17,40.2227,27.2062,18.4,-.-,1.5,-.-,AKPINAR-BIGA(CANAKKALE)"
"2023.12.20,14:20:20,38.2737,38.1888,9.3,-.-,1.7,-.-,SEYITUSAGI-YESILYURT(MALATYA)"
"2023.12.20,14:10:37,38.2717,38.7967,22.9,-.-,1.8,-.-,KARSIYAKA-PUTURGE(MALATYA)"
"2023.12.20,13:55:38,39.2745,29.4470,29.2,-.-,1.5,-.-,OMERFAKI-EMET(KUTAHYA)"
"2023.12.20,13:28:20,37.9885,36.6298,11.7,-.-,1.9,-.-,ELMALI-GOKSUN(KAHRAMANMARAS)"
"2023.12.20,13:25:49,38.2193,37.2928,17.2,-.-,2.1,-.-,SOGUTLU-ELBISTAN(KAHRAMANMARAS)"
"2023.12.20,12:46:30,39.6692,29.4632,0.0,-.-,1.5,-.-,MUHACIRLER-DOMANIC(KUTAHYA)"
"2023.12.20,12:41:32,37.8992,32.3695,0.0,-.-,1.1,-.-,KUCUKMUHSINE-SELCUKLU(KONYA)"
"2023.12.20,11:56:40,39.1008,37.3022,5.0,-.-,1.9,-.-,HAMAL-KANGAL(SIVAS)"
"2023.12.20,11:45:49,38.9403,25.9650,7.8,-.-,2.3,-.-,MIDILLI,ADASI,GUNEYI(EGE,DENIZI)"
"2023.12.20,11:23:53,38.0402,30.8978,12.3,-.-,1.3,-.-,HACILAR-GELENDOST(ISPARTA)"
"2023.12.20,10:47:23,38.7132,27.7143,7.5,-.-,2.1,-.-,ALIBEYLI-SARUHANLI(MANISA)"
"2023.12.20,09:48:52,38.3207,37.4402,27.9,-.-,1.9,-.-,AKSAKAL-ELBISTAN(KAHRAMANMARAS)"
"2023.12.20,09:32:23,36.1812,36.0337,5.0,-.-,2.1,-.-,CUBUKCU-SAMANDAG(HATAY)"
"2023.12.20,09:12:57,39.8125,40.9000,7.7,-.-,2.9,-.-,BAGIRSAK-ASKALE(ERZURUM)"
"2023.12.20,07:24:35,39.6640,27.9333,5.0,-.-,1.6,-.-,KOSELER-(BALIKESIR)"
"2023.12.20,07:21:26,39.6507,27.8530,6.3,-.-,3.7,3.5,BALIKESIR,Ýlksel"
"2023.12.20,06:41:29,40.4810,27.5512,6.0,-.-,1.5,-.-,HARMANLI-ERDEK(BALIKESIR)"
"2023.12.20,06:39:10,39.3292,28.3972,8.0,-.-,2.1,-.-,YUKARICAMLI-BIGADIC(BALIKESIR)"
"2023.12.20,06:29:12,38.1143,36.7768,3.7,-.-,1.8,-.-,KORKMAZ-GOKSUN(KAHRAMANMARAS)"
"2023.12.20,05:42:37,38.8990,32.7773,16.9,-.-,1.1,-.-,YENICEOBA-CIHANBEYLI(KONYA)"
"2023.12.20,04:54:00,37.9245,27.5580,5.0,-.-,1.4,-.-,ABDURRAHMANLAR-GERMENCIK(AYDIN)"
"2023.12.20,04:46:32,40.2297,27.8053,6.5,-.-,1.1,-.-,KILLIK-GONEN(BALIKESIR)"
"2023.12.20,04:42:37,37.7742,36.2108,5.0,-.-,2.4,-.-,HALILBEYLI-SAIMBEYLI(ADANA)"
"2023.12.20,03:48:59,38.4668,37.4265,12.3,-.-,1.4,-.-,YAVUZLAR-DARENDE(MALATYA)"
"2023.12.20,03:46:59,36.5610,36.4020,2.1,-.-,1.9,-.-,KARAMAGARA-KIRIKHAN(HATAY)"
"2023.12.20,03:39:51,38.3550,37.4450,5.2,-.-,1.3,-.-,YALINTAS-ELBISTAN(KAHRAMANMARAS)"
"2023.12.20,03:35:07,38.3713,37.4415,2.0,-.-,1.8,-.-,YALINTAS-ELBISTAN(KAHRAMANMARAS)"
"2023.12.20,02:50:29,37.3178,26.9777,3.9,-.-,2.5,-.-,EGE,DENIZI,Ýlksel"
"2023.12.20,02:35:32,38.2973,38.1553,5.8,-.-,1.5,-.-,DURULDU-(MALATYA)"
"2023.12.20,02:29:06,37.4580,37.1890,5.3,-.-,1.9,-.-,BOLUKCAM-PAZARCIK(KAHRAMANMARAS)"
"2023.12.20,02:14:09,38.0068,36.3072,5.0,-.-,1.8,-.-,KAZANDERE-GOKSUN(KAHRAMANMARAS)"
"2023.12.20,01:28:53,37.2113,36.9585,5.0,-.-,1.7,-.-,SATIRHUYUK-NURDAGI(GAZIANTEP)"
"2023.12.20,01:24:22,36.2662,36.2973,5.0,-.-,1.4,-.-,MELEKLI-(HATAY)"
"2023.12.20,01:15:33,39.3087,28.3532,3.1,-.-,1.7,-.-,HISARALAN-SINDIRGI(BALIKESIR)"
"2023.12.20,01:15:03,37.0072,36.3142,5.0,-.-,1.6,-.-,KARACALAR-(OSMANIYE)"
"2023.12.20,00:25:46,38.3038,38.2698,6.8,-.-,1.8,-.-,BOSTANBASI-YESILYURT(MALATYA)"
"2023.12.19,23:58:48,37.1655,29.2900,7.4,-.-,1.7,-.-,HACIKURTLAR-ACIPAYAM(DENIZLI)"
"2023.12.19,23:22:51,37.8532,36.3480,5.0,-.-,3.4,3.5,KUCUKCAMURLU-GOKSUN(KAHRAMANMARAS)"
"2023.12.19,21:31:40,38.0887,36.4502,5.0,-.-,2.2,-.-,MEHMETBEY-GOKSUN(KAHRAMANMARAS)"
"2023.12.19,20:49:01,37.1635,36.0717,8.2,-.-,1.6,-.-,BURHANLI-CEYHAN(ADANA)"
"2023.12.19,20:33:36,36.1110,36.0095,7.5,-.-,2.2,-.-,KOYUNOGLU-SAMANDAG(HATAY)"
"2023.12.19,19:39:47,38.1420,36.6073,3.3,-.-,1.8,-.-,YENIYAPAN-GOKSUN(KAHRAMANMARAS)"
"2023.12.19,19:31:18,37.1027,28.4143,6.3,-.-,1.4,-.-,ULA(MUGLA)"
"2023.12.19,18:53:53,36.7257,31.9027,13.2,-.-,2.3,-.-,GUZELBAG-ALANYA(ANTALYA)"
"2023.12.19,18:24:32,39.9163,39.3467,7.6,-.-,2.5,-.-,AYDOGDU-KELKIT(GUMUSHANE)"
"2023.12.19,18:11:37,38.2995,39.1802,7.3,-.-,2.0,-.-,UYURUK-SIVRICE(ELAZIG)"
"2023.12.19,16:43:41,38.2848,38.1817,12.9,-.-,2.1,-.-,IKIZCE-YESILYURT(MALATYA)"
"2023.12.19,16:22:53,37.4398,36.9833,5.0,-.-,1.4,-.-,KOCALAR-(KAHRAMANMARAS)"
"2023.12.19,16:09:20,40.4238,28.8972,5.4,-.-,1.8,-.-,GEMLIK,KORFEZI(MARMARA,DENIZI)"
"2023.12.19,15:54:58,39.1550,33.1018,12.9,-.-,1.2,-.-,YESILTEPE-KULU(KONYA)"
"2023.12.19,15:22:58,38.2092,38.1967,5.0,-.-,2.1,-.-,ATALAR-YESILYURT(MALATYA)"
"2023.12.19,15:02:44,36.4787,34.3067,6.6,-.-,1.5,-.-,ERDEMLI,ACIKLARI-MERSIN(AKDENIZ)"
"2023.12.19,14:49:44,36.9822,36.8887,14.7,-.-,1.7,-.-,YENICELI-ISLAHIYE(GAZIANTEP)"
"2023.12.19,14:33:34,40.0115,27.0137,11.6,-.-,1.2,-.-,CEKICLER-CAN(CANAKKALE)"
"2023.12.19,14:31:49,38.4583,38.3187,21.8,-.-,2.1,-.-,KEMERKOPRU-BATTALGAZI(MALATYA)"
"2023.12.19,14:25:30,36.1973,33.6965,0.0,-.-,1.4,-.-,YESILOVACIK-SILIFKE(MERSIN)"
"2023.12.19,14:20:41,38.5577,37.9645,5.0,-.-,1.7,-.-,IRIAGAC-YAZIHAN(MALATYA)"
"2023.12.19,13:08:19,36.1493,33.5473,0.0,-.-,1.3,-.-,BUYUKECELI-GULNAR(MERSIN)"
"2023.12.19,13:05:26,38.0488,36.7163,18.6,-.-,1.8,-.-,FINDIK-GOKSUN(KAHRAMANMARAS)"
"2023.12.19,12:49:12,37.1715,39.1733,12.6,-.-,1.7,-.-,IRICE-(SANLIURFA)"
"2023.12.19,12:46:09,40.5888,29.2432,0.0,-.-,1.4,-.-,KURTKOY-(YALOVA)"
"2023.12.19,12:29:39,40.6455,29.2677,0.0,-.-,0.9,-.-,YALOVA,Ýlksel"
"2023.12.19,12:19:27,37.2907,35.0797,5.0,-.-,1.4,-.-,MARASLI-KARAISALI(ADANA)"
"2023.12.19,12:15:22,39.0755,27.5243,0.0,-.-,1.2,-.-,EGNEZ-SOMA(MANISA)"
"2023.12.19,11:43:54,36.6138,36.3747,5.7,-.-,1.4,-.-,ALIBEYCAGILI-KIRIKHAN(HATAY)"
"2023.12.19,11:27:05,37.8678,29.3767,5.0,-.-,2.0,-.-,KARAPINAR-CAL(DENIZLI)"
"2023.12.19,11:24:02,39.4803,33.2010,18.7,-.-,0.8,-.-,SIRAPINAR-BALA(ANKARA)"
"2023.12.19,11:15:35,40.4807,29.2910,0.0,-.-,1.1,-.-,ORHANGAZI(BURSA)"
"2023.12.19,10:39:06,38.1215,37.4428,4.0,-.-,1.7,-.-,SUNNETKOY-ELBISTAN(KAHRAMANMARAS)"
"2023.12.19,10:36:50,40.7355,29.0648,5.0,-.-,2.4,-.-,CINARCIK,ACIKLARI-YALOVA(MARMARA,DENIZI)"
"2023.12.19,09:43:20,38.4385,44.4432,5.0,-.-,2.5,-.-,TURKIYE-IRAN,SINIR,BOLGESI,Ýlksel"
"2023.12.19,09:20:32,38.7108,33.6852,5.0,-.-,1.5,-.-,CALOREN-SEREFLIKOCHISAR(ANKARA)"
"2023.12.19,06:22:03,37.3830,36.4375,14.8,-.-,1.3,-.-,SUMAKLI-ANDIRIN(KAHRAMANMARAS)"
"2023.12.19,05:56:50,40.2045,31.7738,8.6,-.-,1.3,-.-,HIRKATEPE-BEYPAZARI(ANKARA)"
"2023.12.19,05:52:08,38.6260,37.6845,3.2,-.-,1.2,-.-,AKBABA-DARENDE(MALATYA)"
"2023.12.19,05:13:39,37.9813,28.8678,5.0,-.-,1.3,-.-,KARATAS-SARAYKOY(DENIZLI)"
"2023.12.19,05:08:28,38.4605,39.0660,11.8,-.-,2.1,-.-,OKSUZUSAGI-(ELAZIG)"
"2023.12.19,05:04:16,40.7353,29.1095,6.9,-.-,1.1,-.-,CINARCIK(YALOVA)"
"2023.12.19,05:01:52,38.2862,27.4740,7.4,-.-,1.3,-.-,KARAKIZLAR-TORBALI(IZMIR)"
"2023.12.19,04:49:56,39.2755,33.1652,5.6,-.-,1.3,-.-,KOSKER-KULU(KONYA)"
"2023.12.19,04:31:20,38.5065,38.0158,5.0,-.-,1.9,-.-,KEKLIKPINARI-AKCADAG(MALATYA)"
"2023.12.19,03:24:45,38.1722,38.5412,5.0,-.-,2.1,-.-,ULUKOY-(MALATYA)"
"2023.12.19,03:15:55,38.1945,38.1587,10.3,-.-,1.2,-.-,ATALAR-YESILYURT(MALATYA)"
"2023.12.19,02:34:44,38.2213,38.4725,9.1,-.-,2.3,-.-,GULUMUSAGI-(MALATYA)"
"2023.12.19,01:53:02,38.0205,37.5207,5.7,-.-,1.7,-.-,TATLAR-NURHAK(KAHRAMANMARAS)"
"2023.12.19,01:27:56,38.1220,38.4175,4.6,-.-,1.7,-.-,KARAGOL-CELIKHAN(ADIYAMAN)"
"2023.12.19,01:15:40,38.1280,36.6338,5.4,-.-,1.1,-.-,YENIYAPAN-GOKSUN(KAHRAMANMARAS)"
"2023.12.19,00:43:52,36.6120,36.3632,7.8,-.-,1.7,-.-,ALIBEYCAGILI-KIRIKHAN(HATAY)"
"2023.12.19,00:31:44,37.3332,37.0405,4.0,-.-,1.5,-.-,EMIROGLU-PAZARCIK(KAHRAMANMARAS)"
"2023.12.19,00:28:46,37.2990,37.0175,5.7,-.-,1.8,-.-,CENNETPINARI-PAZARCIK(KAHRAMANMARAS)"
"2023.12.19,00:27:50,39.9828,39.3477,5.4,-.-,2.7,-.-,CIMENLI-KELKIT(GUMUSHANE)"
"2023.12.18,23:28:19,39.9773,39.2808,1.8,-.-,3.4,3.4,CEMALLI-KELKIT(GUMUSHANE)"
"2023.12.18,23:23:12,39.9630,39.3008,5.0,-.-,4.0,4.0,CEMALLI-KELKIT(GUMUSHANE)"
"2023.12.18,22:21:00,35.6647,29.4823,44.1,-.-,2.5,-.-,AKDENIZ,Ýlksel"
"2023.12.18,22:18:37,38.4782,36.5253,7.1,-.-,1.5,-.-,SARIZ(KAYSERI)"
"2023.12.18,21:26:38,40.4132,28.8287,9.8,-.-,1.9,-.-,KUMYAKA-MUDANYA(BURSA)"
"2023.12.18,21:09:18,38.4230,44.3153,5.0,-.-,3.7,3.8,KOCBASI-SARAY(VAN)"
"2023.12.18,20:51:38,37.4465,37.1495,4.5,-.-,2.2,-.-,ESKINARLI-PAZARCIK(KAHRAMANMARAS)"
"2023.12.18,20:38:50,37.2815,37.1108,5.0,-.-,2.1,-.-,COCELLI-PAZARCIK(KAHRAMANMARAS)"
"2023.12.18,20:32:48,36.6435,28.9185,20.3,-.-,1.7,-.-,FETHIYE,KORFEZI(AKDENIZ)"
"2023.12.18,18:35:55,37.8535,36.5843,6.4,-.-,1.8,-.-,CEVREPINAR-(KAHRAMANMARAS)"
"2023.12.18,18:12:24,39.0058,30.2100,5.2,-.-,1.9,-.-,BESKARIS-ALTINTAS(KUTAHYA)"
"2023.12.18,17:02:52,34.4887,24.7153,1.5,-.-,2.5,-.-,GIRIT,ADASI,ACIKLARI(AKDENIZ)"
"2023.12.18,16:40:25,37.3407,37.0603,6.2,-.-,2.2,-.-,EMIROGLU-PAZARCIK(KAHRAMANMARAS)"
"2023.12.18,16:24:21,37.8420,29.5123,26.2,-.-,1.1,-.-,BASCESME-BOZKURT(DENIZLI)"
"2023.12.18,15:50:43,40.2178,31.7763,5.0,-.-,2.1,-.-,KOZAGAC-BEYPAZARI(ANKARA)"
"2023.12.18,15:32:27,37.8168,37.4062,7.0,-.-,1.7,-.-,DUZBAG-CAGLAYANCERIT(KAHRAMANMARAS)"
"2023.12.18,15:32:23,39.6150,40.1238,24.2,-.-,2.4,-.-,BALYAYLA-TERCAN(ERZINCAN)"
"2023.12.18,15:17:11,37.7125,36.3475,5.0,-.-,1.6,-.-,AKIFIYE-ANDIRIN(KAHRAMANMARAS)"
"2023.12.18,15:05:09,38.1445,38.4232,5.2,-.-,2.3,-.-,SALKONAK-YESILYURT(MALATYA)"
"2023.12.18,14:13:16,38.5720,40.8135,5.6,-.-,2.1,-.-,GULDIKEN-LICE(DIYARBAKIR)"
"2023.12.18,14:09:08,39.1132,36.1202,5.3,-.-,1.6,-.-,KUMEOREN-GEMEREK(SIVAS)"
"2023.12.18,13:35:40,40.2293,31.8317,2.6,-.-,2.0,-.-,SARIAGIL-BEYPAZARI(ANKARA)"
"2023.12.18,13:31:56,40.7440,29.0453,7.2,-.-,1.8,-.-,CINARCIK,ACIKLARI-YALOVA(MARMARA,DENIZI)"
"2023.12.18,12:57:53,39.1828,29.2442,0.0,-.-,2.0,-.-,HALIFELER-HISARCIK(KUTAHYA)"
"2023.12.18,12:30:34,40.5012,29.2700,0.0,-.-,1.4,-.-,FINDIKLI-ORHANGAZI(BURSA)"
"2023.12.18,12:13:35,37.8515,36.6332,11.5,-.-,2.0,-.-,DONGEL-(KAHRAMANMARAS)"
"2023.12.18,11:58:41,37.4272,40.3452,7.0,-.-,1.5,-.-,GUMUSPINAR-MAZIDAGI(MARDIN)"
"2023.12.18,11:53:42,36.7180,28.9508,28.3,-.-,2.0,-.-,FETHIYE,KORFEZI(AKDENIZ)"
"2023.12.18,11:50:36,40.7390,29.1100,14.7,-.-,1.6,-.-,CINARCIK(YALOVA)"
"2023.12.18,11:30:22,38.9608,37.2340,6.9,-.-,2.0,-.-,BOGRUDELIK-GURUN(SIVAS)"
"2023.12.18,11:20:22,40.4397,28.8715,7.9,-.-,1.1,-.-,GEMLIK,KORFEZI(MARMARA,DENIZI)"
"2023.12.18,11:18:26,40.4398,28.7167,13.6,-.-,1.6,-.-,GEMLIK,KORFEZI(MARMARA,DENIZI)"
"2023.12.18,11:16:58,38.1792,32.6082,0.0,-.-,1.2,-.-,GUVENC-SELCUKLU(KONYA)"
"2023.12.18,10:54:42,38.5088,39.3465,17.9,-.-,1.6,-.-,GUNEYKOY-SIVRICE(ELAZIG)"
"2023.12.18,10:48:20,37.8903,36.1450,5.0,-.-,2.2,-.-,EYUPLU-SAIMBEYLI(ADANA)"
"2023.12.18,10:25:40,40.5083,29.1887,8.2,-.-,2.1,-.-,SAHINYURDU-GEMLIK(BURSA)"
"2023.12.18,10:06:17,38.0398,30.6973,22.6,-.-,1.6,-.-,KAPICAK-ATABEY(ISPARTA)"
"2023.12.18,09:47:32,37.9703,36.8395,5.4,-.-,1.7,-.-,HACIBUDAK-(KAHRAMANMARAS)"
"2023.12.18,09:42:50,38.0287,38.1315,5.0,-.-,2.1,-.-,PINARBASI-CELIKHAN(ADIYAMAN)"
"2023.12.18,09:37:41,38.0858,38.4775,13.8,-.-,1.6,-.-,KARAKOSE-SINCIK(ADIYAMAN)"
"2023.12.18,09:19:34,38.2597,38.2753,16.9,-.-,1.4,-.-,GUNDUZBEY-YESILYURT(MALATYA)"
"2023.12.18,09:16:47,40.7740,31.0477,5.1,-.-,1.5,-.-,HAMAMUSTU-GOLYAKA(DUZCE)"
"2023.12.18,09:07:25,38.2287,38.3062,5.0,-.-,3.1,3.3,KOZLUK-YESILYURT(MALATYA)"
"2023.12.18,09:01:18,38.4947,37.5815,4.9,-.-,2.0,-.-,AKCATOPRAK-DARENDE(MALATYA)"
"2023.12.18,08:29:01,40.4462,28.8052,5.1,-.-,2.3,-.-,GEMLIK,KORFEZI(MARMARA,DENIZI)"
"2023.12.18,07:08:59,40.5885,35.4358,2.3,-.-,1.7,-.-,FIGANI-MECITOZU(CORUM)"
"2023.12.18,06:46:49,38.3553,37.3990,8.8,-.-,1.4,-.-,YALINTAS-ELBISTAN(KAHRAMANMARAS)"
"2023.12.18,06:31:49,38.2733,25.9345,5.0,-.-,2.1,-.-,SAKIZ,ADASI(EGE,DENIZI)"
"2023.12.18,06:29:22,39.9442,39.3752,5.0,-.-,2.1,-.-,AYDOGDU-KELKIT(GUMUSHANE)"
"2023.12.18,06:03:41,39.3068,40.2060,5.0,-.-,2.6,-.-,SABIRTASI-KIGI(BINGOL)"
"2023.12.18,05:00:02,37.2157,36.6778,2.2,-.-,1.4,-.-,KAMAN-BAHCE(OSMANIYE)"
"2023.12.18,04:51:55,40.7423,29.0785,6.3,-.-,2.0,-.-,CINARCIK,ACIKLARI-YALOVA(MARMARA,DENIZI)"
"2023.12.18,04:13:12,37.8182,36.1347,5.0,-.-,2.0,-.-,AYVACIK-SAIMBEYLI(ADANA)"
"2023.12.18,04:02:13,39.9270,39.3307,5.0,-.-,2.5,-.-,YESILYURT-KELKIT(GUMUSHANE)"
"2023.12.18,03:45:58,38.1072,36.6912,5.0,-.-,2.3,-.-,KARAOMER-GOKSUN(KAHRAMANMARAS)"
"2023.12.18,03:36:52,40.7467,29.0757,4.5,-.-,2.1,-.-,CINARCIK,ACIKLARI-YALOVA(MARMARA,DENIZI)"
"2023.12.18,03:36:03,39.9223,39.3782,5.3,-.-,1.8,-.-,KOMUR-KELKIT(GUMUSHANE)"
"2023.12.18,03:32:30,40.7412,29.0995,5.6,-.-,2.6,-.-,CINARCIK(YALOVA)"
"2023.12.18,03:29:18,39.9285,39.3733,16.9,-.-,1.8,-.-,AYDOGDU-KELKIT(GUMUSHANE)"
"2023.12.18,03:26:49,38.5482,38.0158,3.6,-.-,1.8,-.-,CIVRIL-YAZIHAN(MALATYA)"
"2023.12.18,03:16:53,38.0778,42.5853,5.0,-.-,2.5,-.-,OGLAKLI-HIZAN(BITLIS)"
"2023.12.18,02:34:33,39.8707,39.4387,7.3,-.-,1.6,-.-,AKDAG-KELKIT(GUMUSHANE)"
"2023.12.18,02:27:06,39.9512,39.3263,5.0,-.-,2.7,-.-,YESILYURT-KELKIT(GUMUSHANE)"
"2023.12.18,02:22:23,39.9190,39.3248,5.0,-.-,2.3,-.-,YESILYURT-KELKIT(GUMUSHANE)"
"2023.12.18,02:15:48,40.7340,29.0860,6.8,-.-,1.8,-.-,CINARCIK,ACIKLARI-YALOVA(MARMARA,DENIZI)"
"2023.12.18,01:57:02,37.1398,27.9763,5.3,-.-,1.5,-.-,YOGUNOLUK-MILAS(MUGLA)"
"2023.12.18,01:47:55,39.9335,39.3382,5.0,-.-,2.0,-.-,YESILYURT-KELKIT(GUMUSHANE)"
"2023.12.18,01:42:18,40.7638,29.1017,4.9,-.-,1.8,-.-,CINARCIK,ACIKLARI-YALOVA(MARMARA,DENIZI)"
"2023.12.18,01:34:00,39.9227,39.3867,7.8,-.-,1.8,-.-,KOMUR-KELKIT(GUMUSHANE)"
"2023.12.18,01:30:05,39.9273,39.3358,4.6,-.-,1.9,-.-,YESILYURT-KELKIT(GUMUSHANE)"
"2023.12.18,01:25:24,39.9792,39.3627,29.3,-.-,1.6,-.-,CIMENLI-KELKIT(GUMUSHANE)"
"2023.12.18,01:22:47,39.8633,39.2875,5.0,-.-,1.6,-.-,AGILOZU-(ERZINCAN)"
"2023.12.18,01:22:00,39.9520,39.3453,5.0,-.-,2.5,-.-,YESILYURT-KELKIT(GUMUSHANE)"
"2023.12.18,01:20:21,40.0003,39.3220,5.0,-.-,2.3,-.-,CIMENLI-KELKIT(GUMUSHANE)"
"2023.12.18,01:15:49,39.9287,39.3297,5.0,-.-,4.3,-.-,YESILYURT-KELKIT(GUMUSHANE)"
"2023.12.18,01:07:59,39.9447,39.3278,5.0,-.-,2.3,-.-,YESILYURT-KELKIT(GUMUSHANE)"
"2023.12.18,01:03:19,39.9263,39.3348,5.0,-.-,2.5,-.-,YESILYURT-KELKIT(GUMUSHANE)"
"2023.12.18,00:54:58,37.7675,26.8967,5.0,-.-,2.0,-.-,SISAM,ADASI(EGE,DENIZI)"
"2023.12.18,00:50:45,40.7418,31.4868,5.0,-.-,2.4,-.-,YUMRUKAYA-(BOLU)"
"2023.12.18,00:24:38,40.7463,29.0753,11.1,-.-,2.6,-.-,CINARCIK,ACIKLARI-YALOVA(MARMARA,DENIZI)"
"2023.12.18,00:23:26,37.7072,27.0225,6.9,-.-,1.8,-.-,SISAM,ADASI(EGE,DENIZI)"
"2023.12.18,00:02:06,40.7328,29.0573,8.0,-.-,1.5,-.-,CINARCIK,ACIKLARI-YALOVA(MARMARA,DENIZI)"
"2023.12.17,23:57:22,40.7372,29.0712,9.3,-.-,1.9,-.-,CINARCIK,ACIKLARI-YALOVA(MARMARA,DENIZI)"
"2023.12.17,23:53:52,40.7385,29.0825,11.7,-.-,4.1,4.0,CINARCIK,ACIKLARI-YALOVA(MARMARA,DENIZI)"
"2023.12.17,21:31:44,37.9335,41.3358,5.0,-.-,2.6,-.-,YOLKONAK-BESIRI(BATMAN)"
"2023.12.17,18:56:45,38.0868,37.6698,17.4,-.-,1.8,-.-,BEGRE-DOGANSEHIR(MALATYA)"
"2023.12.17,18:33:44,38.1940,36.0738,3.4,-.-,1.4,-.-,CATALCAM-TUFANBEYLI(ADANA)"
"2023.12.17,17:27:24,38.0808,36.5143,5.0,-.-,2.4,-.-,ALICLIBUCAK-GOKSUN(KAHRAMANMARAS)"
"2023.12.17,16:14:39,38.5165,40.4163,9.0,-.-,2.4,-.-,SENLIK-LICE(DIYARBAKIR)"
"2023.12.17,15:46:42,38.5658,44.0772,5.0,-.-,2.7,-.-,GOZDEGMEZ-OZALP(VAN)"
"2023.12.17,15:45:48,38.2248,38.4867,4.7,-.-,2.5,-.-,GULUMUSAGI-(MALATYA)"
"2023.12.17,15:12:02,38.4255,39.3217,5.0,-.-,1.5,-.-,SIVRICE(ELAZIG)"
"2023.12.17,15:09:29,38.5112,37.5128,4.0,-.-,1.7,-.-,GUDUL-DARENDE(MALATYA)"
"2023.12.17,15:03:11,38.5142,39.4298,5.1,-.-,2.3,-.-,GOLARDI-(ELAZIG)"
"2023.12.17,14:35:34,37.6813,35.3847,5.3,-.-,2.2,-.-,YETIMLI-ALADAG(ADANA)"
"2023.12.17,14:08:57,37.9550,36.2710,2.1,-.-,1.6,-.-,KAZANDERE-GOKSUN(KAHRAMANMARAS)"
"2023.12.17,13:33:28,37.9628,36.2210,5.2,-.-,2.0,-.-,KALEBOYNU-GOKSUN(KAHRAMANMARAS)"
"2023.12.17,12:23:24,38.0392,38.6600,1.6,-.-,3.0,-.-,SINCIK(ADIYAMAN)"
"2023.12.17,10:59:57,38.3555,38.7413,5.5,-.-,2.2,-.-,SARIOT-KALE(MALATYA)"
"2023.12.17,10:31:16,40.4190,28.7897,11.6,-.-,1.9,-.-,ZEYTINBAGI-MUDANYA(BURSA)"
"2023.12.17,09:38:28,38.2968,38.8018,11.5,-.-,2.0,-.-,BOLUKKAYA-PUTURGE(MALATYA)"
"2023.12.17,09:17:52,34.3363,25.5212,17.6,-.-,2.6,-.-,GIRIT,ADASI,ACIKLARI(AKDENIZ)"
"2023.12.17,09:05:53,38.8270,37.5303,4.1,-.-,1.5,-.-,BAGLICAY-GURUN(SIVAS)"
"2023.12.17,08:12:40,37.0892,36.9240,5.5,-.-,1.6,-.-,KUZOLUK-NURDAGI(GAZIANTEP)"
"2023.12.17,07:58:49,38.4905,37.9603,9.9,-.-,1.1,-.-,KADIIBRAHIM-AKCADAG(MALATYA)"
"2023.12.17,07:49:48,39.0627,40.4412,2.6,-.-,2.3,-.-,SUDUGUNU-(BINGOL)"
"2023.12.17,07:45:24,39.4265,40.4663,5.8,-.-,2.0,-.-,GUZGULU-YEDISU(BINGOL)"
"2023.12.17,07:23:23,40.2422,41.9813,12.0,-.-,1.5,-.-,KOYUNOREN-NARMAN(ERZURUM)"
"2023.12.17,07:06:51,37.3427,30.7785,11.0,-.-,1.8,-.-,COBANPINARI-BUCAK(BURDUR)"
"2023.12.17,06:58:33,38.8002,43.5507,15.3,-.-,1.5,-.-,DEGIRMENOZU-(VAN)"
"2023.12.17,06:54:41,36.9698,35.8058,1.1,-.-,2.0,-.-,KORKUYU-CEYHAN(ADANA)"
"2023.12.17,06:29:33,38.2050,38.0565,14.4,-.-,1.5,-.-,ISIKLI-YESILYURT(MALATYA)"
"2023.12.17,06:29:09,38.3670,38.8165,7.4,-.-,1.6,-.-,KOZLUK-KALE(MALATYA)"
"2023.12.17,06:11:29,37.1188,36.8138,12.3,-.-,1.1,-.-,DURMUSLAR-NURDAGI(GAZIANTEP)"
"2023.12.17,06:08:10,38.0995,37.6540,7.1,-.-,1.6,-.-,TAPKIRANKALE-ELBISTAN(KAHRAMANMARAS)"
"2023.12.17,05:50:36,38.2938,32.4078,7.3,-.-,1.3,-.-,SARAYONU(KONYA)"
"2023.12.17,05:14:52,38.4668,40.3100,9.0,-.-,2.0,-.-,CUKURKOY-HANI(DIYARBAKIR)"
"2023.12.17,05:10:38,37.0667,28.1793,25.6,-.-,0.7,-.-,KIRAN-(MUGLA)"
"2023.12.17,03:47:04,38.4495,37.7087,5.8,-.-,2.1,-.-,CINARKOY-DARENDE(MALATYA)"
"2023.12.17,03:20:01,37.4545,35.8342,17.6,-.-,0.8,-.-,KOZAN(ADANA)"
"2023.12.17,03:10:30,38.2700,38.7972,5.0,-.-,1.8,-.-,KARSIYAKA-PUTURGE(MALATYA)"
"2023.12.17,02:40:43,37.9448,36.2518,11.3,-.-,1.4,-.-,KALEBOYNU-GOKSUN(KAHRAMANMARAS)"
"2023.12.17,02:35:28,38.0683,30.9800,14.0,-.-,1.8,-.-,HACILAR-GELENDOST(ISPARTA)"
"2023.12.17,02:14:27,38.6648,37.6937,20.8,-.-,1.5,-.-,AKBABA-DARENDE(MALATYA)"
"2023.12.17,02:01:04,36.9688,27.7805,9.7,-.-,1.7,-.-,GOKOVA,KORFEZI(AKDENIZ)"
"2023.12.17,01:53:42,37.8205,36.3280,10.8,-.-,1.2,-.-,CIGSAR-ANDIRIN(KAHRAMANMARAS)"
"2023.12.17,01:47:22,35.6853,28.5725,9.0,-.-,3.0,3.1,AKDENIZ,Ýlksel"
"2023.12.17,01:41:33,37.9253,36.2662,7.6,-.-,1.9,-.-,HACIKODAL-GOKSUN(KAHRAMANMARAS)"
"2023.12.17,01:27:35,37.0623,29.0505,9.9,-.-,1.5,-.-,KARACAM-KOYCEGIZ(MUGLA)"
"2023.12.17,01:00:31,38.4253,37.4323,6.6,-.-,2.4,-.-,YAVUZLAR-DARENDE(MALATYA)"
"2023.12.17,00:01:14,38.3543,37.4405,5.0,-.-,2.0,-.-,YALINTAS-ELBISTAN(KAHRAMANMARAS)"
"2023.12.16,23:58:04,40.4247,28.7783,2.4,-.-,1.7,-.-,GEMLIK,KORFEZI(MARMARA,DENIZI)"
"2023.12.16,23:33:27,37.8452,26.8488,3.0,-.-,1.3,-.-,SISAM,ADASI(EGE,DENIZI)"
"2023.12.16,23:20:22,36.1562,35.9385,16.5,-.-,1.6,-.-,KAPISUYU-SAMANDAG(HATAY)"
"2023.12.16,22:42:30,37.8293,26.9197,14.5,-.-,1.5,-.-,KUSADASI,KORFEZI(EGE,DENIZI)"
"2023.12.16,22:30:44,40.4228,28.8222,9.8,-.-,2.3,-.-,ZEYTINBAGI-MUDANYA(BURSA)"
"2023.12.16,22:22:29,36.5333,28.8398,23.2,-.-,1.5,-.-,FETHIYE,KORFEZI(AKDENIZ)"
"2023.12.16,22:10:26,40.7842,29.1220,4.3,-.-,1.7,-.-,ADALAR(ISTANBUL)"
"2023.12.16,22:09:43,38.3915,37.6453,3.8,-.-,1.8,-.-,KOZLUCA-AKCADAG(MALATYA)"
"2023.12.16,21:41:59,36.8388,36.3983,7.9,-.-,1.8,-.-,KAPILI-DORTYOL(HATAY)"
"2023.12.16,21:36:15,35.8613,27.3332,7.8,-.-,2.1,-.-,AKDENIZ,Ýlksel"
"2023.12.16,21:30:20,38.9038,29.9795,5.0,-.-,1.0,-.-,AGAC-DUMLUPINAR(KUTAHYA)"
"2023.12.16,21:20:16,36.1003,28.1345,5.0,-.-,2.0,-.-,AKDENIZ,Ýlksel"
"2023.12.16,21:01:50,36.4805,28.8677,22.7,-.-,2.0,-.-,AKDENIZ,Ýlksel"
"2023.12.16,20:57:49,38.3445,28.4970,5.4,-.-,1.5,-.-,ALASEHIR(MANISA)"
"2023.12.16,20:33:43,36.4930,28.8713,24.9,-.-,4.0,4.0,OLUDENIZ,ACIKLARI-MUGLA(AKDENIZ)"
"2023.12.16,20:27:28,38.1403,38.4068,5.5,-.-,1.9,-.-,SALKONAK-YESILYURT(MALATYA)"
"2023.12.16,19:57:24,35.1955,23.4172,8.7,-.-,2.3,-.-,GIRIT,ADASI(AKDENIZ)"
"2023.12.16,19:48:24,39.2258,24.1848,14.9,-.-,2.3,-.-,YUNANISTAN,Ýlksel"
"2023.12.16,19:47:55,40.4500,27.7690,11.6,-.-,1.7,-.-,OCAKLAR-ERDEK(BALIKESIR)"
"2023.12.16,19:29:31,36.4698,29.1460,7.8,-.-,2.3,-.-,KARAAGAC-FETHIYE(MUGLA)"
"2023.12.16,19:23:18,38.1543,36.8800,6.0,-.-,2.8,-.-,ESENCE-AFSIN(KAHRAMANMARAS)"
"2023.12.16,18:06:57,36.0487,33.5610,2.9,-.-,2.0,-.-,AYDINCIK,ACIKLARI-MERSIN(AKDENIZ)"
"2023.12.16,16:44:52,40.8067,31.0377,4.6,-.-,1.7,-.-,KOPRUBASI,OMEREFENDI-(DUZCE)"
"2023.12.16,16:42:50,37.8490,36.2000,5.0,-.-,2.2,-.-,KARAKUYU-SAIMBEYLI(ADANA)"
"2023.12.16,16:25:35,38.0710,27.1607,1.6,-.-,1.4,-.-,ATAKOY-MENDERES(IZMIR)"
"2023.12.16,16:24:01,38.2433,27.3662,8.8,-.-,2.0,-.-,SAIPLER-TORBALI(IZMIR)"
"2023.12.16,16:21:59,38.2627,37.1237,5.2,-.-,1.8,-.-,KARAHUYUK-ELBISTAN(KAHRAMANMARAS)"
"2023.12.16,16:21:45,39.3670,28.1722,5.4,-.-,2.2,-.-,KARGIN-BIGADIC(BALIKESIR)"
"2023.12.16,16:14:39,38.3682,37.2490,5.1,-.-,1.6,-.-,GOKCEK-ELBISTAN(KAHRAMANMARAS)"
"2023.12.16,15:23:12,38.8543,37.4760,5.0,-.-,2.1,-.-,ESKIHAMAL-GURUN(SIVAS)"
"2023.12.16,14:10:29,40.4450,28.8590,5.2,-.-,2.2,-.-,GEMLIK,KORFEZI(MARMARA,DENIZI)"
"2023.12.16,13:08:00,40.4352,28.8523,5.0,-.-,1.7,-.-,GEMLIK,KORFEZI(MARMARA,DENIZI)"
"2023.12.16,12:53:48,39.1742,29.1858,11.4,-.-,1.1,-.-,ULASLAR-HISARCIK(KUTAHYA)"
"2023.12.16,12:38:15,37.6408,35.3600,14.0,-.-,1.5,-.-,YETIMLI-ALADAG(ADANA)"
"2023.12.16,12:15:49,39.6932,29.3823,9.0,-.-,1.9,-.-,KARAKAYA-TAVSANLI(KUTAHYA)"
"2023.12.16,12:07:50,38.4467,37.9388,6.0,-.-,1.8,-.-,ALICERI-AKCADAG(MALATYA)"
"2023.12.16,12:03:59,40.4513,28.8353,5.0,-.-,2.0,-.-,GEMLIK,KORFEZI(MARMARA,DENIZI)"
"2023.12.16,11:46:33,36.2495,33.7497,5.3,-.-,1.1,-.-,AKDERE-SILIFKE(MERSIN)"
"2023.12.16,10:51:50,37.9943,38.0730,5.0,-.-,2.2,-.-,KURUCAOVA-DOGANSEHIR(MALATYA)"
"2023.12.16,10:49:52,38.5400,25.9857,7.0,-.-,2.4,-.-,SAKIZ,ADASI(EGE,DENIZI)"
"2023.12.16,09:21:51,36.2902,34.0667,4.2,-.-,2.1,-.-,ARKUM-SILIFKE(MERSIN)"
"2023.12.16,08:16:58,38.0362,36.5485,5.5,-.-,1.6,-.-,YANTEPE-GOKSUN(KAHRAMANMARAS)"
"2023.12.16,08:13:53,40.4247,28.8172,7.3,-.-,2.0,-.-,ZEYTINBAGI-MUDANYA(BURSA)"
"2023.12.16,08:09:24,38.0945,41.2762,5.0,-.-,2.4,-.-,ORTACAY-KOZLUK(BATMAN)"
"2023.12.16,07:58:43,40.7768,31.3357,20.3,-.-,1.9,-.-,DARIYERIHASANBEY-KAYNASLI(DUZCE)"
"2023.12.16,07:22:06,38.9838,23.3205,10.3,-.-,2.7,-.-,YUNANISTAN,Ýlksel"
"2023.12.16,07:11:37,38.0197,37.7053,9.0,-.-,1.3,-.-,KUCUKLU-DOGANSEHIR(MALATYA)"
"2023.12.16,06:48:40,39.0213,23.5192,10.4,-.-,2.2,-.-,YUNANISTAN,Ýlksel"
"2023.12.16,06:46:14,38.6710,37.4295,3.9,-.-,1.1,-.-,YAZIKOY-DARENDE(MALATYA)"
"2023.12.16,06:24:33,39.0333,23.4507,6.5,-.-,2.4,-.-,YUNANISTAN,Ýlksel"
"2023.12.16,06:14:36,38.0898,37.6452,2.4,-.-,2.5,-.-,TAPKIRANKALE-ELBISTAN(KAHRAMANMARAS)"
"2023.12.16,06:04:06,38.0578,36.5962,1.5,-.-,2.0,-.-,HACIOMER-GOKSUN(KAHRAMANMARAS)"
"2023.12.16,06:03:28,37.3582,37.1587,19.9,-.-,1.3,-.-,KADINCIK-PAZARCIK(KAHRAMANMARAS)"
"2023.12.16,05:33:17,38.0412,37.6017,5.0,-.-,1.3,-.-,GOVDELI-DOGANSEHIR(MALATYA)"
"2023.12.16,05:31:03,37.7260,37.9002,12.2,-.-,1.5,-.-,KIZILHISAR-BESNI(ADIYAMAN)"
"2023.12.16,05:28:23,38.1262,37.0018,5.0,-.-,2.8,-.-,CALIS-ELBISTAN(KAHRAMANMARAS)"
"2023.12.16,04:40:12,39.1605,33.1217,5.7,-.-,1.2,-.-,YAZICAYIRI-KULU(KONYA)"
"2023.12.16,04:37:10,38.3863,37.3672,6.2,-.-,1.1,-.-,INCECIK-ELBISTAN(KAHRAMANMARAS)"
"2023.12.16,04:30:02,38.1030,38.4478,2.6,-.-,1.6,-.-,KARAGOL-CELIKHAN(ADIYAMAN)"
"2023.12.16,03:58:33,38.4312,37.9990,8.9,-.-,1.3,-.-,YALINBUDAK-AKCADAG(MALATYA)"
"2023.12.16,03:39:36,38.2253,37.7177,5.0,-.-,1.3,-.-,HARUNUSAGI-AKCADAG(MALATYA)"
"2023.12.16,03:26:50,40.2163,29.3477,4.5,-.-,2.7,-.-,GOLBASI-KESTEL(BURSA)"
"2023.12.16,03:08:12,36.7262,36.0538,5.0,-.-,2.2,-.-,PAYAS-DORTYOL(HATAY)"
"2023.12.16,02:41:48,38.0458,36.6220,6.2,-.-,1.6,-.-,KALEKOY-GOKSUN(KAHRAMANMARAS)"
"2023.12.16,02:34:18,37.8157,36.2927,4.2,-.-,1.0,-.-,CIGSAR-ANDIRIN(KAHRAMANMARAS)"
"2023.12.16,02:22:05,37.9723,36.4853,6.2,-.-,1.4,-.-,GOLPINAR-GOKSUN(KAHRAMANMARAS)"
"2023.12.16,02:19:02,38.2087,37.3755,8.8,-.-,1.3,-.-,DEMIRCILIK-ELBISTAN(KAHRAMANMARAS)"
"2023.12.16,02:16:02,38.1418,36.9898,7.6,-.-,1.5,-.-,YAZIDERE-AFSIN(KAHRAMANMARAS)"
"2023.12.16,02:14:17,35.9348,36.0335,9.2,-.-,1.5,-.-,EGERCI-YAYLADAGI(HATAY)"
"2023.12.16,01:58:57,38.3995,37.3760,2.2,-.-,2.3,-.-,INCECIK-ELBISTAN(KAHRAMANMARAS)"
"2023.12.16,01:46:59,38.8222,24.5492,11.4,-.-,2.7,-.-,EGE,DENIZI,Ýlksel"
"2023.12.16,01:36:01,37.9027,36.4437,6.1,-.-,1.6,-.-,FINDIKLIKOYAK-GOKSUN(KAHRAMANMARAS)"
"2023.12.16,01:26:59,39.6383,40.7460,5.7,-.-,2.3,-.-,MURATCAYIRI-CAT(ERZURUM)"
"2023.12.16,01:25:38,38.1665,36.5502,15.1,-.-,0.9,-.-,KOMURKOY-GOKSUN(KAHRAMANMARAS)"
"2023.12.16,01:15:51,38.6918,43.1068,5.0,-.-,1.7,-.-,MOLLAKASIM-(VAN)"
"2023.12.16,01:12:48,38.1987,38.1322,7.1,-.-,1.6,-.-,OLUKLU-YESILYURT(MALATYA)"
"2023.12.16,00:53:52,38.0992,37.2198,6.4,-.-,1.7,-.-,AKPINAR-EKINOZU(KAHRAMANMARAS)"
"2023.12.16,00:36:45,41.1180,33.8782,5.0,-.-,2.8,-.-,YUKARIBERCIN-TOSYA(KASTAMONU)"
"2023.12.16,00:18:08,38.1292,38.3648,13.8,-.-,2.0,-.-,SALKONAK-YESILYURT(MALATYA)"
"2023.12.16,00:07:45,41.3890,43.9625,5.3,-.-,2.8,-.-,GURCISTAN,Ýlksel"
"2023.12.16,00:02:37,38.1648,38.2055,9.1,-.-,1.7,-.-,ATALAR-YESILYURT(MALATYA)"
"2023.12.15,23:48:53,35.9042,35.3445,13.6,-.-,1.4,-.-,AKDENIZ,Ýlksel"
"2023.12.15,23:26:46,38.6668,43.1290,26.6,-.-,1.5,-.-,MOLLAKASIM-(VAN)"
"2023.12.15,23:24:49,38.7068,43.0950,17.9,-.-,2.0,-.-,VAN,GOLU,Ýlksel"
"2023.12.15,23:24:47,37.9940,36.5013,5.4,-.-,1.9,-.-,KIRECKOY-GOKSUN(KAHRAMANMARAS)"
"2023.12.15,23:22:04,38.0280,37.7363,7.8,-.-,1.6,-.-,KUCUKLU-DOGANSEHIR(MALATYA)"
"2023.12.15,22:34:43,38.4040,37.5625,2.7,-.-,1.3,-.-,YUKARIULUPINAR-DARENDE(MALATYA)"
"2023.12.15,21:41:01,38.1175,38.5533,5.0,-.-,1.9,-.-,ARIKONAK-SINCIK(ADIYAMAN)"
"2023.12.15,21:22:28,39.8987,27.8185,0.0,-.-,2.1,-.-,YENIKAVAK-BALYA(BALIKESIR)"
"2023.12.15,20:29:43,39.6572,27.9478,11.9,-.-,1.7,-.-,KOSELER-(BALIKESIR)"
"2023.12.15,20:29:36,38.1497,38.5392,5.2,-.-,2.0,-.-,ULUKOY-(MALATYA)"
"2023.12.15,19:42:44,37.8818,26.9303,10.5,-.-,1.5,-.-,KUSADASI,KORFEZI(EGE,DENIZI)"
"2023.12.15,19:21:14,38.0748,36.7392,3.7,-.-,3.2,3.2,FINDIK-GOKSUN(KAHRAMANMARAS)"
"2023.12.15,18:04:00,39.3737,41.0695,6.3,-.-,1.7,-.-,TUZLUCA-KARLIOVA(BINGOL)"
"2023.12.15,17:54:38,37.7243,27.2642,26.2,-.-,1.4,-.-,DAVUTLAR-KUSADASI(AYDIN)"
"2023.12.15,17:40:50,38.4472,37.3385,15.4,-.-,1.7,-.-,GAZIKOY-DARENDE(MALATYA)"
"2023.12.15,17:18:37,38.5205,37.1605,5.0,-.-,1.9,-.-,KOSKKOY-ELBISTAN(KAHRAMANMARAS)"
"2023.12.15,17:04:06,33.6243,32.0883,77.3,-.-,3.3,3.3,AKDENIZ,Ýlksel"
"2023.12.15,16:36:29,36.1907,33.5522,0.0,-.-,1.3,-.-,BUYUKECELI-GULNAR(MERSIN)"
"2023.12.15,15:44:46,38.1952,36.9588,26.2,-.-,1.6,-.-,ERCENE-AFSIN(KAHRAMANMARAS)"
"2023.12.15,15:18:45,38.0413,37.1442,5.4,-.-,1.6,-.-,CIFTLIKKALE-EKINOZU(KAHRAMANMARAS)"
"2023.12.15,14:33:59,38.8447,37.4092,1.7,-.-,1.4,-.-,KULAHLI-GURUN(SIVAS)"
"2023.12.15,14:06:15,37.0343,34.8947,51.9,-.-,1.4,-.-,SAGLIKLI-TARSUS(MERSIN)"
"2023.12.15,13:44:44,38.1778,36.7635,5.0,-.-,1.6,-.-,YAZIKOY-AFSIN(KAHRAMANMARAS)"
"2023.12.15,13:43:55,36.6348,29.2877,5.0,-.-,1.7,-.-,ZORLAR-FETHIYE(MUGLA)"
"2023.12.15,13:43:46,40.4295,28.8555,10.5,-.-,2.4,-.-,GEMLIK,KORFEZI(MARMARA,DENIZI)"
"2023.12.15,13:28:25,37.1610,35.6577,6.9,-.-,3.1,3.1,SOYSALLI-CEYHAN(ADANA)"
"2023.12.15,13:15:32,36.1308,33.5583,0.0,-.-,1.0,-.-,BUYUKECELI-GULNAR(MERSIN)"
"2023.12.15,12:56:16,40.4428,29.2875,0.0,-.-,1.5,-.-,GEDELEK-ORHANGAZI(BURSA)"
"2023.12.15,12:44:49,40.7312,27.4670,9.8,-.-,1.9,-.-,GUZELKOY,ACIKLARI-TEKIRDAG(MARMARA,DENIZI)"
"2023.12.15,12:37:51,36.6622,28.2528,4.6,-.-,2.0,-.-,BOZBURUN,ACIKLARI-MUGLA(AKDENIZ)"
"2023.12.15,12:30:11,39.6807,27.9080,7.2,-.-,2.1,-.-,UCPINAR-(BALIKESIR)"
"2023.12.15,12:12:30,38.6133,39.4568,5.0,-.-,1.8,-.-,ELMAPINARI-(ELAZIG)"
"2023.12.15,12:09:40,38.3477,37.4205,2.2,-.-,2.4,-.-,BESTEPE-ELBISTAN(KAHRAMANMARAS)"
"2023.12.15,12:05:16,40.4142,28.8265,9.0,-.-,2.7,-.-,KUMYAKA-MUDANYA(BURSA)"
"2023.12.15,11:58:23,37.8940,36.1335,13.4,-.-,1.4,-.-,YARDIBI-SAIMBEYLI(ADANA)"
"2023.12.15,11:54:37,40.7475,35.9343,5.4,-.-,2.2,-.-,YIKILGAN-(AMASYA)"
"2023.12.15,11:51:59,37.4587,37.0242,5.0,-.-,1.0,-.-,KAPICAM-(KAHRAMANMARAS)"
"2023.12.15,11:45:09,36.2737,33.7848,0.0,-.-,1.1,-.-,IMAMUSAGI-SILIFKE(MERSIN)"
"2023.12.15,11:44:38,40.3878,28.6862,5.4,-.-,1.3,-.-,YALICIFTLIK-MUDANYA(BURSA)"
"2023.12.15,11:19:23,35.3088,23.0715,8.3,-.-,2.1,-.-,GIRIT,ADASI(AKDENIZ)"
"2023.12.15,11:04:50,37.7702,26.8225,19.5,-.-,1.7,-.-,SISAM,ADASI(EGE,DENIZI)"
"2023.12.15,10:36:10,37.8730,26.9730,3.7,-.-,2.2,-.-,KUSADASI,KORFEZI(EGE,DENIZI)"
"2023.12.15,10:12:38,36.3130,28.9055,11.2,-.-,1.6,-.-,OLUDENIZ,ACIKLARI-MUGLA(AKDENIZ)"
"2023.12.15,10:05:05,37.5328,37.2852,4.7,-.-,1.8,-.-,TETIRLIK-PAZARCIK(KAHRAMANMARAS)"
"2023.12.15,09:40:33,37.7692,36.5117,11.8,-.-,1.4,-.-,ALTINYAYLA-ANDIRIN(KAHRAMANMARAS)"
